{
  "nodes": {
    "0": {
      "pos": [
        -1.0,
        1.0
      ],
      "rot": 270.0,
      "surprise": 0.37656945189947466,
      "label": ""
    },
    "1": {
      "pos": [
        -1.0,
        1.25
      ],
      "rot": 0.0,
      "surprise": 0.26935332896020875,
      "label": ""
    },
    "2": {
      "pos": [
        -1.0,
        1.5
      ],
      "rot": 0.0,
      "surprise": 0.03384023765536055,
      "label": ""
    },
    "3": {
      "pos": [
        -1.0,
        1.75
      ],
      "rot": 0.0,
      "surprise": 0.11853244488844786,
      "label": ""
    },
    "4": {
      "pos": [
        -1.0,
        2.0
      ],
      "rot": 0.0,
      "surprise": 0.2939926350831094,
      "label": ""
    },
    "5": {
      "pos": [
        -1.25,
        2.0
      ],
      "rot": 270.0,
      "surprise": 0.22950313470918618,
      "label": ""
    },
    "6": {
      "pos": [
        0.0,
        2.0
      ],
      "rot": 90.0,
      "surprise": 0.1835358217923301,
      "label": ""
    },
    "7": {
      "pos": [
        0.0,
        2.25
      ],
      "rot": 0.0,
      "surprise": 0.38188918558383295,
      "label": ""
    },
    "8": {
      "pos": [
        -0.25,
        2.25
      ],
      "rot": 270.0,
      "surprise": 0.24069895091857252,
      "label": ""
    },
    "9": {
      "pos": [
        -0.25,
        2.0
      ],
      "rot": 180.0,
      "surprise": 0.35096644927365594,
      "label": ""
    },
    "10": {
      "pos": [
        -0.25,
        1.75
      ],
      "rot": 180.0,
      "surprise": 0.28814471244240636,
      "label": ""
    },
    "11": {
      "pos": [
        -0.25,
        1.5
      ],
      "rot": 180.0,
      "surprise": 0.37504098996248614,
      "label": ""
    },
    "12": {
      "pos": [
        -0.25,
        1.25
      ],
      "rot": 180.0,
      "surprise": 0.33172525397354713,
      "label": ""
    },
    "13": {
      "pos": [
        0.75,
        1.25
      ],
      "rot": 90.0,
      "surprise": 0.3435829571678133,
      "label": ""
    },
    "14": {
      "pos": [
        1.0,
        1.25
      ],
      "rot": 90.0,
      "surprise": 0.3919498417076131,
      "label": ""
    },
    "15": {
      "pos": [
        1.25,
        1.25
      ],
      "rot": 90.0,
      "surprise": 0.3400827723501705,
      "label": ""
    },
    "16": {
      "pos": [
        1.5,
        1.25
      ],
      "rot": 90.0,
      "surprise": 0.030988985750505862,
      "label": ""
    },
    "17": {
      "pos": [
        1.75,
        1.25
      ],
      "rot": 90.0,
      "surprise": 0.17943233296447364,
      "label": ""
    },
    "18": {
      "pos": [
        2.0,
        1.25
      ],
      "rot": 90.0,
      "surprise": 0.05610706933267138,
      "label": ""
    },
    "19": {
      "pos": [
        2.0,
        1.5
      ],
      "rot": 0.0,
      "surprise": 0.3119922354787078,
      "label": ""
    },
    "20": {
      "pos": [
        1.75,
        1.5
      ],
      "rot": 270.0,
      "surprise": 0.3107913339475824,
      "label": ""
    },
    "21": {
      "pos": [
        1.0,
        1.5
      ],
      "rot": 180.0,
      "surprise": 0.1732351127175878,
      "label": ""
    },
    "22": {
      "pos": [
        0.5,
        1.25
      ],
      "rot": 270.0,
      "surprise": 0.33196887007663184,
      "label": ""
    },
    "23": {
      "pos": [
        0.5,
        1.5
      ],
      "rot": 0.0,
      "surprise": 0.17198157975203326,
      "label": ""
    },
    "24": {
      "pos": [
        0.75,
        1.5
      ],
      "rot": 90.0,
      "surprise": 0.2748591052199008,
      "label": ""
    },
    "25": {
      "pos": [
        -0.0,
        1.25
      ],
      "rot": 0.0,
      "surprise": 0.37303007898311763,
      "label": ""
    },
    "26": {
      "pos": [
        0.0,
        1.5
      ],
      "rot": 0.0,
      "surprise": 0.2935845046232803,
      "label": ""
    },
    "27": {
      "pos": [
        -0.5,
        1.5
      ],
      "rot": 270.0,
      "surprise": 0.07705966774540768,
      "label": ""
    },
    "28": {
      "pos": [
        0.25,
        1.5
      ],
      "rot": 90.0,
      "surprise": 0.343428248788098,
      "label": ""
    },
    "29": {
      "pos": [
        0.25,
        1.75
      ],
      "rot": 0.0,
      "surprise": 0.22173767961749832,
      "label": ""
    },
    "30": {
      "pos": [
        0.25,
        2.0
      ],
      "rot": 0.0,
      "surprise": 0.2719292220617219,
      "label": ""
    },
    "31": {
      "pos": [
        -0.5,
        2.0
      ],
      "rot": 270.0,
      "surprise": 0.2700141093709171,
      "label": ""
    },
    "32": {
      "pos": [
        -0.75,
        2.0
      ],
      "rot": 270.0,
      "surprise": 0.339602027382784,
      "label": ""
    }
  },
  "edges": [
    [
      0,
      1
    ],
    [
      1,
      2
    ],
    [
      2,
      3
    ],
    [
      3,
      4
    ],
    [
      4,
      5
    ],
    [
      4,
      6
    ],
    [
      6,
      7
    ],
    [
      6,
      30
    ],
    [
      6,
      9
    ],
    [
      7,
      8
    ],
    [
      8,
      9
    ],
    [
      9,
      10
    ],
    [
      9,
      31
    ],
    [
      10,
      11
    ],
    [
      11,
      12
    ],
    [
      11,
      26
    ],
    [
      11,
      27
    ],
    [
      12,
      13
    ],
    [
      13,
      14
    ],
    [
      13,
      22
    ],
    [
      13,
      24
    ],
    [
      13,
      25
    ],
    [
      14,
      15
    ],
    [
      14,
      21
    ],
    [
      15,
      16
    ],
    [
      16,
      17
    ],
    [
      17,
      18
    ],
    [
      18,
      19
    ],
    [
      19,
      20
    ],
    [
      20,
      21
    ],
    [
      22,
      23
    ],
    [
      23,
      24
    ],
    [
      25,
      26
    ],
    [
      26,
      28
    ],
    [
      28,
      29
    ],
    [
      29,
      30
    ],
    [
      31,
      32
    ]
  ]
}